N_Name,Burglary_2,Burglary_3,OBJECTID
Brightwood Park Crestwood Petworth,6,7,30
Brightwood Park Crestwood Petworth,16,21,31
Brightwood Park Crestwood Petworth,13,18,32
Brightwood Park Crestwood Petworth,6,20,33
Brightwood Park Crestwood Petworth,5,12,34
Brightwood Park Crestwood Petworth,14,15,35
Brightwood Park Crestwood Petworth,1,7,36
Brightwood Park Crestwood Petworth,8,4,38
Brightwood Park Crestwood Petworth,12,13,39
Brightwood Park Crestwood Petworth,15,23,40
Brightwood Park Crestwood Petworth,6,9,41
Brookland Brentwood Langdon,21,23,136
Brookland Brentwood Langdon,25,38,140
Brookland Brentwood Langdon,11,18,141
Capitol Hill Lincoln Park,9,3,82
Capitol Hill Lincoln Park,7,5,83
Capitol Hill Lincoln Park,11,9,84
Capitol Hill Lincoln Park,4,14,85
Capitol Hill Lincoln Park,5,10,86
Capitol Hill Lincoln Park,0,1,87
Capitol Hill Lincoln Park,8,10,88
Capitol Hill Lincoln Park,17,9,89
Capitol View Marshall Heights Benning Heights,28,18,109
Capitol View Marshall Heights Benning Heights,13,16,164
Capitol View Marshall Heights Benning Heights,13,14,165
Capitol View Marshall Heights Benning Heights,25,26,166
Capitol View Marshall Heights Benning Heights,5,6,167
Capitol View Marshall Heights Benning Heights,9,5,168
Cathedral Heights McLean Gardens Glover Park,1,11,9
Cathedral Heights McLean Gardens Glover Park,2,6,10
Cathedral Heights McLean Gardens Glover Park,3,2,16
Cleveland Park Woodley Park Mass Ave Heights,7,2,5
Cleveland Park Woodley Park Mass Ave Heights,6,1,6
Cleveland Park Woodley Park Mass Ave Heights,7,8,7
Cleveland Park Woodley Park Mass Ave Heights,13,5,8
Colonial Village Shepherd Park N Portal,13,25,24
Columbia Heights Mt. Pleasant Park View,5,15,42
Columbia Heights Mt. Pleasant Park View,14,19,43
Columbia Heights Mt. Pleasant Park View,20,17,44
Columbia Heights Mt. Pleasant Park View,17,8,45
Columbia Heights Mt. Pleasant Park View,6,17,46
Columbia Heights Mt. Pleasant Park View,5,8,47
Columbia Heights Mt. Pleasant Park View,12,22,48
Columbia Heights Mt. Pleasant Park View,12,18,49
Columbia Heights Mt. Pleasant Park View,18,7,53
Columbia Heights Mt. Pleasant Park View,8,5,54
Columbia Heights Mt. Pleasant Park View,7,10,55
Congress Heights Bellevue Washington Highlands,11,5,93
Congress Heights Bellevue Washington Highlands,5,15,154
Congress Heights Bellevue Washington Highlands,9,13,155
Congress Heights Bellevue Washington Highlands,8,6,156
Congress Heights Bellevue Washington Highlands,8,13,157
Congress Heights Bellevue Washington Highlands,8,7,158
Congress Heights Bellevue Washington Highlands,14,22,159
Congress Heights Bellevue Washington Highlands,8,9,160
Congress Heights Bellevue Washington Highlands,16,18,161
Congress Heights Bellevue Washington Highlands,26,33,172
Deanwood Burrville Lincoln Heights,17,32,113
Deanwood Burrville Lincoln Heights,13,20,114
Deanwood Burrville Lincoln Heights,6,16,115
Deanwood Burrville Lincoln Heights,15,22,116
Deanwood Burrville Lincoln Heights,15,16,117
Douglass Shipley Terrace,25,21,95
Douglass Shipley Terrace,17,17,96
Douglass Shipley Terrace,21,40,100
Downtown Chinatown Penn MV Square N Capitol St,10,5,66
Downtown Chinatown Penn MV Square N Capitol St,3,3,67
Downtown Chinatown Penn MV Square N Capitol St,15,14,78
Downtown Chinatown Penn MV Square N Capitol St,1,3,79
Downtown Chinatown Penn MV Square N Capitol St,14,5,169
Dupont Circle Connecticut Avenue/K Street,10,7,61
Dupont Circle Connecticut Avenue/K Street,18,4,62
Dupont Circle Connecticut Avenue/K Street,14,9,75
Dupont Circle Connecticut Avenue/K Street,31,24,76
Dupont Circle Connecticut Avenue/K Street,31,21,175
Eastland Gardens Kenilworth,8,9,150
Edgewood Bloomingdale Truxton Circle Eckington,12,32,50
Edgewood Bloomingdale Truxton Circle Eckington,27,31,51
Edgewood Bloomingdale Truxton Circle Eckington,27,25,65
Edgewood Bloomingdale Truxton Circle Eckington,20,18,128
Edgewood Bloomingdale Truxton Circle Eckington,15,10,129
Edgewood Bloomingdale Truxton Circle Eckington,12,7,137
Edgewood Bloomingdale Truxton Circle Eckington,10,17,138
Edgewood Bloomingdale Truxton Circle Eckington,18,7,139
Fairfax Village Hillcrest Summit Park,15,16,105
Fairfax Village Hillcrest Summit Park,9,18,106
Friendship Heights AU Park Tenleytown,13,13,15
Friendship Heights AU Park Tenleytown,20,18,17
Georgetown Burleith/Hillandale,14,11,1
Georgetown Burleith/Hillandale,0,1,2
Georgetown Burleith/Hillandale,23,22,3
Georgetown Burleith/Hillandale,9,14,4
Hawthorne Barnaby Woods Chevy Chase,7,7,21
Hawthorne Barnaby Woods Chevy Chase,7,0,22
Hawthorne Barnaby Woods Chevy Chase,6,10,23
Historic Anacostia,9,23,102
Historic Anacostia,8,17,103
Howard University Le Droit Park Cardozo/Shaw,16,22,52
Howard University Le Droit Park Cardozo/Shaw,13,13,63
Howard University Le Droit Park Cardozo/Shaw,33,20,64
Ivy City Arboretum Trinidad Carver Langston,16,28,130
Ivy City Arboretum Trinidad Carver Langston,24,20,131
Ivy City Arboretum Trinidad Carver Langston,16,21,132
Ivy City Arboretum Trinidad Carver Langston,25,49,133
Ivy City Arboretum Trinidad Carver Langston,27,28,134
Kalorama Heights Adams Morgan Lanier Heights,13,6,56
Kalorama Heights Adams Morgan Lanier Heights,15,7,57
Kalorama Heights Adams Morgan Lanier Heights,15,11,58
Kalorama Heights Adams Morgan Lanier Heights,9,8,59
Kalorama Heights Adams Morgan Lanier Heights,8,8,60
Lamond Riggs Fort Totten Pleasant Hill,6,8,143
Lamond Riggs Fort Totten Pleasant Hill,3,6,146
Lamond Riggs Fort Totten Pleasant Hill,3,3,147
Lamond Riggs Fort Totten Pleasant Hill,5,8,148
Mayfair Hillbrook Mahaning Heights,19,33,112
Mayfair Hillbrook Mahaning Heights,4,11,151
N Michigan Park Michigan Park University Heights,5,36,144
N Michigan Park Michigan Park University Heights,17,20,145
N Michigan Park Michigan Park University Heights,1,18,149
Near Southeast Navy Yard,13,22,90
Near Southeast Navy Yard,13,5,91
No Cluster,2,2,37
No Cluster,2,1,80
No Cluster,1,0,92
No Cluster,8,15,177
NoMa Union Station Stanton Park Kingman Park,28,24,118
NoMa Union Station Stanton Park Kingman Park,13,14,119
NoMa Union Station Stanton Park Kingman Park,2,15,120
NoMa Union Station Stanton Park Kingman Park,2,12,121
NoMa Union Station Stanton Park Kingman Park,7,6,122
NoMa Union Station Stanton Park Kingman Park,4,3,123
NoMa Union Station Stanton Park Kingman Park,14,11,124
NoMa Union Station Stanton Park Kingman Park,12,7,125
NoMa Union Station Stanton Park Kingman Park,5,8,126
NoMa Union Station Stanton Park Kingman Park,14,15,127
NoMa Union Station Stanton Park Kingman Park,25,25,174
North Cleveland Park Forest Hills Van Ness,9,11,18
North Cleveland Park Forest Hills Van Ness,1,1,19
North Cleveland Park Forest Hills Van Ness,3,3,20
River Terrace Benning Greenway Fort Dupont,43,37,108
River Terrace Benning Greenway Fort Dupont,29,42,110
River Terrace Benning Greenway Fort Dupont,13,9,152
River Terrace Benning Greenway Fort Dupont,8,9,153
Shaw Logan Circle,16,33,68
Shaw Logan Circle,13,10,69
Shaw Logan Circle,11,18,70
Shaw Logan Circle,11,4,71
Shaw Logan Circle,13,9,72
Shaw Logan Circle,9,1,73
Shaw Logan Circle,37,24,74
Sheridan Barry Farm Buena Vista,12,43,94
Sheridan Barry Farm Buena Vista,20,27,97
Sheridan Barry Farm Buena Vista,13,23,98
Southwest/Waterfront Fort McNair Buzzard Point,7,6,81
Southwest/Waterfront Fort McNair Buzzard Point,3,8,170
Southwest/Waterfront Fort McNair Buzzard Point,4,8,173
Southwest/Waterfront Fort McNair Buzzard Point,2,3,178
Spring Valley Palisades Wesley Heights Foxhall,6,16,11
Spring Valley Palisades Wesley Heights Foxhall,6,1,12
Spring Valley Palisades Wesley Heights Foxhall,7,3,13
Spring Valley Palisades Wesley Heights Foxhall,4,0,14
Takoma Brightwood Manor Park,10,14,25
Takoma Brightwood Manor Park,8,6,26
Takoma Brightwood Manor Park,9,13,27
Takoma Brightwood Manor Park,8,9,28
Takoma Brightwood Manor Park,6,10,29
Takoma Brightwood Manor Park,11,8,171
Twining Fairlawn Fort Davis Park Dupont Park,26,19,104
Twining Fairlawn Fort Davis Park Dupont Park,14,18,107
Twining Fairlawn Fort Davis Park Dupont Park,6,11,111
Twining Fairlawn Fort Davis Park Dupont Park,8,7,162
Twining Fairlawn Fort Davis Park Dupont Park,8,15,163
West End Foggy Bottom GWU,7,20,77
West End Foggy Bottom GWU,10,10,176
Woodland/Fort Stanton Garfield Heights Knox Hill,12,11,99
Woodland/Fort Stanton Garfield Heights Knox Hill,9,24,101
Woodridge Fort Lincoln Gateway,2,5,135
Woodridge Fort Lincoln Gateway,17,40,142
Woodridge Fort Lincoln Gateway,23,49,179
